loss,cer
4.929063976147556e-05,0.2589926804905075
4.9258288116458644e-05,0.2589578250781927
4.9260526808816133e-05,0.25896599084023914
