loss,cer
4.929063976147556e-05,0.25896797098188046
4.9258288116458644e-05,0.25894479578077084
4.9260526808816133e-05,0.25895749316098116
